source,target,pathway_name,prob_young,prob_aged,delta_prob,region
GABAergic_Neuron,GABAergic_Neuron,AGRN,0.0098197707896952,0.0,-0.0098197707896952,ARC_ARH
GABAergic_Neuron,GABAergic_Neuron,CADM,0.228272122671608,0.234088681437452,0.005816558765843999,ARC_ARH
GABAergic_Neuron,GABAergic_Neuron,CDH,0.181633302250308,0.0573960582068343,-0.1242372440434737,ARC_ARH
GABAergic_Neuron,GABAergic_Neuron,CNTN,0.0574644231550765,0.0681398674724877,0.010675444317411194,ARC_ARH
GABAergic_Neuron,GABAergic_Neuron,EPHA,0.176615078403473,0.249333933415077,0.072718855011604,ARC_ARH
GABAergic_Neuron,GABAergic_Neuron,EPHB,0.0721167994220068,0.0523439653444004,-0.019772834077606397,ARC_ARH
GABAergic_Neuron,GABAergic_Neuron,FGF,0.0,0.0222847568997979,0.0222847568997979,ARC_ARH
GABAergic_Neuron,GABAergic_Neuron,GDF,0.0017453260490792,0.0,-0.0017453260490792,ARC_ARH
GABAergic_Neuron,GABAergic_Neuron,JAM,0.0143949345437954,0.0124738206095447,-0.0019211139342506997,ARC_ARH
GABAergic_Neuron,GABAergic_Neuron,MPZ,0.0004865076314201,0.000411466249526,-7.504138189410003e-05,ARC_ARH
GABAergic_Neuron,GABAergic_Neuron,NEGR,0.410356604378547,0.399198684925164,-0.011157919453382958,ARC_ARH
GABAergic_Neuron,GABAergic_Neuron,NGL,0.0503469696219965,0.0,-0.0503469696219965,ARC_ARH
GABAergic_Neuron,GABAergic_Neuron,NPY,0.0,0.0073614252906993,0.0073614252906993,ARC_ARH
GABAergic_Neuron,GABAergic_Neuron,NRG,0.181601566447696,0.0,-0.181601566447696,ARC_ARH
GABAergic_Neuron,GABAergic_Neuron,NRXN,1.25570150103844,1.23922849570771,-0.01647300533073004,ARC_ARH
GABAergic_Neuron,GABAergic_Neuron,SEMA4,0.0358249868270045,0.0138780764061499,-0.0219469104208546,ARC_ARH
GABAergic_Neuron,GABAergic_Neuron,SEMA6,0.051330615454005,0.0558568203861527,0.004526204932147698,ARC_ARH
GABAergic_Neuron,GABAergic_Neuron,SOMATOSTATIN,0.0040431317580496,0.004441574471657,0.0003984427136074003,ARC_ARH
GABAergic_Neuron,Glutamatergic_Neuron,CADM,0.0,0.0533928295784019,0.0533928295784019,ARC_ARH
GABAergic_Neuron,Glutamatergic_Neuron,CDH,0.0,0.0732372059544889,0.0732372059544889,ARC_ARH
GABAergic_Neuron,Glutamatergic_Neuron,CNTN,0.23830915954337,0.268420468129595,0.030111308586225016,ARC_ARH
GABAergic_Neuron,Glutamatergic_Neuron,COLLAGEN,0.0,0.0035498855349356,0.0035498855349356,ARC_ARH
GABAergic_Neuron,Glutamatergic_Neuron,EGF,0.0,0.00727802733658,0.00727802733658,ARC_ARH
GABAergic_Neuron,Glutamatergic_Neuron,ENHO,0.0,0.003619818243619,0.003619818243619,ARC_ARH
GABAergic_Neuron,Glutamatergic_Neuron,EPHA,0.0,0.0415086537840197,0.0415086537840197,ARC_ARH
GABAergic_Neuron,Glutamatergic_Neuron,EPHB,0.0142331999237652,0.0401085610484668,0.025875361124701603,ARC_ARH
GABAergic_Neuron,Glutamatergic_Neuron,FGF,0.0,0.022181372808062,0.022181372808062,ARC_ARH
GABAergic_Neuron,Glutamatergic_Neuron,GAS,0.0,0.0006677863990099,0.0006677863990099,ARC_ARH
GABAergic_Neuron,Glutamatergic_Neuron,GDF,0.0011815960804997,0.0,-0.0011815960804997,ARC_ARH
GABAergic_Neuron,Glutamatergic_Neuron,L1CAM,0.0525791095216382,0.0588832149590989,0.006304105437460704,ARC_ARH
GABAergic_Neuron,Glutamatergic_Neuron,LAMININ,0.0154751962945161,0.0177894603726569,0.0023142640781407976,ARC_ARH
GABAergic_Neuron,Glutamatergic_Neuron,MELANOCORTIN,0.0002157926092722,0.0002319739862707,1.6181376998500004e-05,ARC_ARH
GABAergic_Neuron,Glutamatergic_Neuron,NCAM,0.606590394916928,0.899903458452056,0.293313063535128,ARC_ARH
GABAergic_Neuron,Glutamatergic_Neuron,NGL,0.119388838736015,0.0,-0.119388838736015,ARC_ARH
GABAergic_Neuron,Glutamatergic_Neuron,NPY,0.0,0.0150786913761772,0.0150786913761772,ARC_ARH
GABAergic_Neuron,Glutamatergic_Neuron,NRG,0.312515727540466,0.629833797164594,0.31731806962412795,ARC_ARH
GABAergic_Neuron,Glutamatergic_Neuron,NRXN,1.3823252671534,1.31916033857731,-0.06316492857609002,ARC_ARH
GABAergic_Neuron,Glutamatergic_Neuron,PROS,0.0,0.0001762526537675,0.0001762526537675,ARC_ARH
GABAergic_Neuron,Glutamatergic_Neuron,PTPRM,0.0474168472392289,0.0550739444354344,0.007657097196205498,ARC_ARH
GABAergic_Neuron,Glutamatergic_Neuron,SEMA4,0.0,0.0113494958520802,0.0113494958520802,ARC_ARH
GABAergic_Neuron,Glutamatergic_Neuron,SEMA6,0.0118577795717245,0.0124330077197469,0.0005752281480224004,ARC_ARH
GABAergic_Neuron,Glutamatergic_Neuron,SOMATOSTATIN,0.0013576302236455,0.0021232059642004,0.0007655757405549001,ARC_ARH
GABAergic_Neuron,Glutamatergic_Neuron,VISFATIN,0.0163741592921761,0.0232893195182548,0.006915160226078701,ARC_ARH
GABAergic_Neuron,Microglia,COLLAGEN,0.0,0.0213843634661621,0.0213843634661621,ARC_ARH
GABAergic_Neuron,Microglia,CSF,0.0698898860016682,0.0176880507654523,-0.05220183523621591,ARC_ARH
GABAergic_Neuron,Microglia,CX3C,0.215503052879339,0.203409897197419,-0.012093155681919987,ARC_ARH
GABAergic_Neuron,Microglia,EPHA,0.0,0.0264933881033226,0.0264933881033226,ARC_ARH
GABAergic_Neuron,Microglia,GAS,0.0,0.0448994910767723,0.0448994910767723,ARC_ARH
GABAergic_Neuron,Microglia,GDF,0.0077902498942724,0.0,-0.0077902498942724,ARC_ARH
GABAergic_Neuron,Microglia,GRN,0.0030952851508991,0.0032789735598882,0.00018368840898909996,ARC_ARH
GABAergic_Neuron,Microglia,JAM,0.104778265626355,0.0933844925713166,-0.0113937730550384,ARC_ARH
GABAergic_Neuron,Microglia,LAMININ,0.0384952319889578,0.0274199122708614,-0.011075319718096402,ARC_ARH
GABAergic_Neuron,Microglia,NOTCH,0.18072097960426,0.18162789745846,0.0009069178541999956,ARC_ARH
GABAergic_Neuron,Microglia,PTPRM,0.053488506183928,0.0,-0.053488506183928,ARC_ARH
GABAergic_Neuron,Microglia,SEMA4,0.0973747387132623,0.0944213021727092,-0.002953436540553092,ARC_ARH
GABAergic_Neuron,Microglia,SEMA6,0.0287602803087586,0.0,-0.0287602803087586,ARC_ARH
GABAergic_Neuron,Microglia,TENASCIN,0.128103704875453,0.0047826647136146,-0.1233210401618384,ARC_ARH
GABAergic_Neuron,Microglia,THBS,0.0,0.0014446000770524,0.0014446000770524,ARC_ARH
GABAergic_Neuron,Microglia,THY1,0.0357930888868837,0.0488597877597513,0.0130666988728676,ARC_ARH
GABAergic_Neuron,Microglia,VISFATIN,0.0204753764704897,0.0071977989071835,-0.013277577563306199,ARC_ARH
Glutamatergic_Neuron,GABAergic_Neuron,CADM,0.0,0.0533928295784019,0.0533928295784019,ARC_ARH
Glutamatergic_Neuron,GABAergic_Neuron,CDH,0.0,0.0732372059544889,0.0732372059544889,ARC_ARH
Glutamatergic_Neuron,GABAergic_Neuron,CNTN,0.0,0.060866923577163,0.060866923577163,ARC_ARH
Glutamatergic_Neuron,GABAergic_Neuron,COLLAGEN,0.000785937648018,0.0059637749437045,0.0051778372956865,ARC_ARH
Glutamatergic_Neuron,GABAergic_Neuron,EGF,0.0061738987724325,0.0,-0.0061738987724325,ARC_ARH
Glutamatergic_Neuron,GABAergic_Neuron,EPHA,0.308289127267513,0.268168039732762,-0.04012108753475102,ARC_ARH
Glutamatergic_Neuron,GABAergic_Neuron,EPHB,0.0246101726448754,0.0116386935509941,-0.0129714790938813,ARC_ARH
Glutamatergic_Neuron,GABAergic_Neuron,FGF,0.0072332655090298,0.0244838529494949,0.0172505874404651,ARC_ARH
Glutamatergic_Neuron,GABAergic_Neuron,GRN,0.0,0.0020856698074939,0.0020856698074939,ARC_ARH
Glutamatergic_Neuron,GABAergic_Neuron,L1CAM,0.0525791095216382,0.0588832149590989,0.006304105437460704,ARC_ARH
Glutamatergic_Neuron,GABAergic_Neuron,LAMININ,0.0616346980125081,0.0848761884102772,0.023241490397769106,ARC_ARH
Glutamatergic_Neuron,GABAergic_Neuron,NCAM,0.498211130482508,0.724132196517574,0.225921066035066,ARC_ARH
Glutamatergic_Neuron,GABAergic_Neuron,NRG,0.0047408889489323,0.0,-0.0047408889489323,ARC_ARH
Glutamatergic_Neuron,GABAergic_Neuron,NRXN,0.45429340554067,1.12471183088031,0.6704184253396399,ARC_ARH
Glutamatergic_Neuron,GABAergic_Neuron,NT,0.0084052831206851,0.0,-0.0084052831206851,ARC_ARH
Glutamatergic_Neuron,GABAergic_Neuron,OPIOID,0.0496783812495203,0.0489364239043963,-0.0007419573451240002,ARC_ARH
Glutamatergic_Neuron,GABAergic_Neuron,PTPRM,0.0474168472392289,0.0550739444354344,0.007657097196205498,ARC_ARH
Glutamatergic_Neuron,GABAergic_Neuron,SEMA3,0.008337417853515,0.0,-0.008337417853515,ARC_ARH
Glutamatergic_Neuron,GABAergic_Neuron,SEMA4,0.052116373182679,0.0421012177663396,-0.010015155416339398,ARC_ARH
Glutamatergic_Neuron,GABAergic_Neuron,SEMA5,0.0224854168310538,0.0249482528753193,0.0024628360442655005,ARC_ARH
Glutamatergic_Neuron,GABAergic_Neuron,SEMA6,0.135581324682534,0.12089153637221,-0.014689788310323998,ARC_ARH
Glutamatergic_Neuron,GABAergic_Neuron,THBS,0.0,0.0178191437334422,0.0178191437334422,ARC_ARH
Glutamatergic_Neuron,GABAergic_Neuron,WNT,0.0058656032183025,0.0046572855446763,-0.0012083176736261995,ARC_ARH
Glutamatergic_Neuron,GABAergic_Neuron,ncWNT,0.0042050071552395,0.0192097525254365,0.015004745370197,ARC_ARH
Glutamatergic_Neuron,Glutamatergic_Neuron,CADM,0.0,0.0561950320908927,0.0561950320908927,ARC_ARH
Glutamatergic_Neuron,Glutamatergic_Neuron,CDH,0.0,0.0776890663730154,0.0776890663730154,ARC_ARH
Glutamatergic_Neuron,Glutamatergic_Neuron,CNTN,0.219931404627513,0.22763527968538,0.007703875057866988,ARC_ARH
Glutamatergic_Neuron,Glutamatergic_Neuron,COLLAGEN,0.0015157627371188,0.0101941782964611,0.0086784155593423,ARC_ARH
Glutamatergic_Neuron,Glutamatergic_Neuron,EGF,0.0078392639103069,0.0095496074426307,0.0017103435323237992,ARC_ARH
Glutamatergic_Neuron,Glutamatergic_Neuron,ENHO,0.0,0.003222360210517,0.003222360210517,ARC_ARH
Glutamatergic_Neuron,Glutamatergic_Neuron,EPHA,0.0811422671553359,0.0449644712842483,-0.036177795871087604,ARC_ARH
Glutamatergic_Neuron,Glutamatergic_Neuron,EPHB,0.0,0.0250414560712648,0.0250414560712648,ARC_ARH
Glutamatergic_Neuron,Glutamatergic_Neuron,FGF,0.0071858380061951,0.0243713137262835,0.0171854757200884,ARC_ARH
Glutamatergic_Neuron,Glutamatergic_Neuron,GAS,0.0,0.00076252114278,0.00076252114278,ARC_ARH
Glutamatergic_Neuron,Glutamatergic_Neuron,L1CAM,0.056804974644434,0.0663907599776926,0.0095857853332586,ARC_ARH
Glutamatergic_Neuron,Glutamatergic_Neuron,LAMININ,0.0437089591655726,0.106236005558291,0.0625270463927184,ARC_ARH
Glutamatergic_Neuron,Glutamatergic_Neuron,MELANOCORTIN,0.0014760909558663,0.0026505257481353,0.0011744347922690002,ARC_ARH
Glutamatergic_Neuron,Glutamatergic_Neuron,NCAM,0.630251668017389,1.10029244403715,0.470040776019761,ARC_ARH
Glutamatergic_Neuron,Glutamatergic_Neuron,NGL,0.133164511241398,0.0,-0.133164511241398,ARC_ARH
Glutamatergic_Neuron,Glutamatergic_Neuron,NRG,0.103061739560374,0.467907879651408,0.364846140091034,ARC_ARH
Glutamatergic_Neuron,Glutamatergic_Neuron,NRXN,0.736405667695225,0.691192482688603,-0.04521318500662197,ARC_ARH
Glutamatergic_Neuron,Glutamatergic_Neuron,NT,0.0078128617054433,0.0,-0.0078128617054433,ARC_ARH
Glutamatergic_Neuron,Glutamatergic_Neuron,OPIOID,0.0333788894338441,0.0465558117414992,0.013176922307655096,ARC_ARH
Glutamatergic_Neuron,Glutamatergic_Neuron,PROS,0.0,0.000159449529667,0.000159449529667,ARC_ARH
Glutamatergic_Neuron,Glutamatergic_Neuron,PTPRM,0.114818823456785,0.162434222200362,0.047615398743576995,ARC_ARH
Glutamatergic_Neuron,Glutamatergic_Neuron,SEMA3,0.0066195252155651,0.0,-0.0066195252155651,ARC_ARH
Glutamatergic_Neuron,Glutamatergic_Neuron,SEMA4,0.0059630436290418,0.0087129732682576,0.002749929639215801,ARC_ARH
Glutamatergic_Neuron,Glutamatergic_Neuron,SEMA5,0.0300024823891207,0.0263315592903863,-0.003670923098734402,ARC_ARH
Glutamatergic_Neuron,Glutamatergic_Neuron,SEMA6,0.0,0.0650513549943401,0.0650513549943401,ARC_ARH
Glutamatergic_Neuron,Glutamatergic_Neuron,THBS,0.0,0.0164811019334669,0.0164811019334669,ARC_ARH
Glutamatergic_Neuron,Glutamatergic_Neuron,WNT,0.0051660909740894,0.0040649787324128,-0.0011011122416766002,ARC_ARH
Glutamatergic_Neuron,Glutamatergic_Neuron,ncWNT,0.0032598788393669,0.0169710961594566,0.013711217320089699,ARC_ARH
Glutamatergic_Neuron,Microglia,COLLAGEN,0.0060232997973101,0.0310121248324674,0.0249888250351573,ARC_ARH
Glutamatergic_Neuron,Microglia,CSF,0.0340603618335543,0.0142538049546679,-0.019806556878886397,ARC_ARH
Glutamatergic_Neuron,Microglia,CX3C,0.189936704002827,0.201554939601254,0.011618235598427007,ARC_ARH
Glutamatergic_Neuron,Microglia,EPHA,0.0,0.0287329152521129,0.0287329152521129,ARC_ARH
Glutamatergic_Neuron,Microglia,FGF,0.0,0.0086398338872543,0.0086398338872543,ARC_ARH
Glutamatergic_Neuron,Microglia,GAS,0.0,0.0509491916817077,0.0509491916817077,ARC_ARH
Glutamatergic_Neuron,Microglia,GDF,0.0066465484974794,0.0,-0.0066465484974794,ARC_ARH
Glutamatergic_Neuron,Microglia,GRN,0.0032990725601548,0.003865319220759,0.0005662466606042001,ARC_ARH
Glutamatergic_Neuron,Microglia,JAM,0.0892018495885955,0.0715997468004807,-0.017602102788114804,ARC_ARH
Glutamatergic_Neuron,Microglia,LAMININ,0.0634070082850255,0.0609127739512032,-0.002494234333822301,ARC_ARH
Glutamatergic_Neuron,Microglia,NOTCH,0.0371394664730452,0.0564689011770827,0.019329434704037494,ARC_ARH
Glutamatergic_Neuron,Microglia,NT,0.0009579380359267,0.0,-0.0009579380359267,ARC_ARH
Glutamatergic_Neuron,Microglia,PTPRM,0.128358239197578,0.164017910197856,0.035659671000278004,ARC_ARH
Glutamatergic_Neuron,Microglia,SEMA3,0.0047771050231896,0.0,-0.0047771050231896,ARC_ARH
Glutamatergic_Neuron,Microglia,SEMA4,0.100041762050507,0.0940370954922436,-0.0060046665582634,ARC_ARH
Glutamatergic_Neuron,Microglia,SEMA6,0.124315544519446,0.0721977334879286,-0.0521178110315174,ARC_ARH
Glutamatergic_Neuron,Microglia,TENASCIN,0.125287029531771,0.018977158065065,-0.10630987146670601,ARC_ARH
Glutamatergic_Neuron,Microglia,THBS,0.0,0.0033006197846693,0.0033006197846693,ARC_ARH
Glutamatergic_Neuron,Microglia,THY1,0.0183948172550577,0.0331997438554379,0.014804926600380196,ARC_ARH
Glutamatergic_Neuron,Microglia,VISFATIN,0.0183726296564432,0.006604164219195,-0.0117684654372482,ARC_ARH
Microglia,GABAergic_Neuron,GRN,0.0522872714722727,0.0549150051226266,0.002627733650353896,ARC_ARH
Microglia,GABAergic_Neuron,JAM,0.0699368524603672,0.0478084463820253,-0.0221284060783419,ARC_ARH
Microglia,GABAergic_Neuron,OSM,0.0,0.0005014165959233,0.0005014165959233,ARC_ARH
Microglia,GABAergic_Neuron,PTPRM,0.053488506183928,0.0,-0.053488506183928,ARC_ARH
Microglia,GABAergic_Neuron,SEMA4,0.0178308817419903,0.02989885729781,0.012067975555819701,ARC_ARH
Microglia,Glutamatergic_Neuron,GAS,0.0,0.0005902913231124,0.0005902913231124,ARC_ARH
Microglia,Glutamatergic_Neuron,GRN,0.0499112885777496,0.0520893806092081,0.002178092031458495,ARC_ARH
Microglia,Glutamatergic_Neuron,JAM,0.0599692706002293,0.0367679725809887,-0.023201298019240604,ARC_ARH
Microglia,Glutamatergic_Neuron,OSM,0.0,0.0004630605196946,0.0004630605196946,ARC_ARH
Microglia,Glutamatergic_Neuron,PROS,0.0,0.0038139781459833,0.0038139781459833,ARC_ARH
Microglia,Glutamatergic_Neuron,PTPRM,0.128358239197578,0.164017910197856,0.035659671000278004,ARC_ARH
Microglia,Glutamatergic_Neuron,SEMA4,0.016679501987739,0.0329264675547939,0.016246965567054898,ARC_ARH
Microglia,Microglia,CCL,0.147717927967309,0.345930978984519,0.19821305101721,ARC_ARH
Microglia,Microglia,GALECTIN,0.0607785734046049,0.0560667503211261,-0.004711823083478797,ARC_ARH
Microglia,Microglia,GAS,0.0,0.0398939202281318,0.0398939202281318,ARC_ARH
Microglia,Microglia,GRN,0.0804635066464443,0.0973739999635644,0.016910493317120093,ARC_ARH
Microglia,Microglia,ICAM,0.0288813480112932,0.0312227508200106,0.0023414028087174014,ARC_ARH
Microglia,Microglia,JAM,0.296753470913877,0.167242775760422,-0.12951069515345498,ARC_ARH
Microglia,Microglia,NOTCH,0.0007247631630072,0.0,-0.0007247631630072,ARC_ARH
Microglia,Microglia,OSM,0.0,0.0014895551863456,0.0014895551863456,ARC_ARH
Microglia,Microglia,PTPRM,0.143235871733732,0.165613985616693,0.022378113882960987,ARC_ARH
Microglia,Microglia,SEMA4,0.107507999812861,0.108945737233955,0.0014377374210940014,ARC_ARH
Microglia,Microglia,TGFb,0.408990356006188,0.362388152639864,-0.04660220336632398,ARC_ARH
Microglia,Microglia,TNF,0.0286771534932105,0.0525024824611435,0.023825328967933,ARC_ARH
Microglia,Microglia,VCAM,0.0038973040451899,0.0225160519027673,0.0186187478575774,ARC_ARH
Microglia,Microglia,VISFATIN,0.0,0.0006784265778276,0.0006784265778276,ARC_ARH
GABAergic_Neuron,GABAergic_Neuron,AGRN,0.0061261385265302,0.0039897517646146,-0.0021363867619156006,PVN_PVH
GABAergic_Neuron,GABAergic_Neuron,CADM,0.2438856573651,0.186978271886599,-0.05690738547850102,PVN_PVH
GABAergic_Neuron,GABAergic_Neuron,CDH,0.144356341322682,0.0805807524392336,-0.06377558888344839,PVN_PVH
GABAergic_Neuron,GABAergic_Neuron,CNTN,0.167328318422622,0.122961326750075,-0.044366991672547,PVN_PVH
GABAergic_Neuron,GABAergic_Neuron,COLLAGEN,0.0016164599412431,0.0013688472431274,-0.00024761269811569993,PVN_PVH
GABAergic_Neuron,GABAergic_Neuron,ENHO,0.0008708238740721,0.0006452998298891,-0.00022552404418299998,PVN_PVH
GABAergic_Neuron,GABAergic_Neuron,EPHA,0.142971566896965,0.095979732796451,-0.046991834100513996,PVN_PVH
GABAergic_Neuron,GABAergic_Neuron,EPHB,0.0434782575604728,0.0291740482488461,-0.014304209311626698,PVN_PVH
GABAergic_Neuron,GABAergic_Neuron,FGF,0.018690662377715,0.0148578597752373,-0.0038328026024776977,PVN_PVH
GABAergic_Neuron,GABAergic_Neuron,GDF,0.0,0.0003675471482887,0.0003675471482887,PVN_PVH
GABAergic_Neuron,GABAergic_Neuron,JAM,0.0024726489952338,0.0016572318165163,-0.0008154171787174999,PVN_PVH
GABAergic_Neuron,GABAergic_Neuron,L1CAM,0.0227573563230783,0.0181299150050993,-0.004627441317979,PVN_PVH
GABAergic_Neuron,GABAergic_Neuron,LAMININ,0.0101411410270409,0.0070611310633388,-0.0030800099637020998,PVN_PVH
GABAergic_Neuron,GABAergic_Neuron,MPZ,0.0002246170304557,0.0001482021160798,-7.641491437590002e-05,PVN_PVH
GABAergic_Neuron,GABAergic_Neuron,NCAM,0.589609052466028,0.435447190511501,-0.15416186195452702,PVN_PVH
GABAergic_Neuron,GABAergic_Neuron,NECTIN,0.0173146433723694,0.0109081802443831,-0.0064064631279863,PVN_PVH
GABAergic_Neuron,GABAergic_Neuron,NEGR,0.267361270776033,0.19310041008965,-0.07426086068638299,PVN_PVH
GABAergic_Neuron,GABAergic_Neuron,NGL,0.0841303292674173,0.0423459823713989,-0.0417843468960184,PVN_PVH
GABAergic_Neuron,GABAergic_Neuron,NRG,0.192457614066171,0.1178395075975,-0.07461810646867101,PVN_PVH
GABAergic_Neuron,GABAergic_Neuron,NRXN,1.33134276006671,1.01924670478526,-0.31209605528145,PVN_PVH
GABAergic_Neuron,GABAergic_Neuron,PTN,0.0532763958333291,0.0439157151541575,-0.009360680679171597,PVN_PVH
GABAergic_Neuron,GABAergic_Neuron,RELN,0.0029209692338962,0.0011969017652122,-0.001724067468684,PVN_PVH
GABAergic_Neuron,GABAergic_Neuron,SEMA3,0.0121601049501613,0.0,-0.0121601049501613,PVN_PVH
GABAergic_Neuron,GABAergic_Neuron,SEMA4,0.0173816309242439,0.0128984356456326,-0.0044831952786112995,PVN_PVH
GABAergic_Neuron,GABAergic_Neuron,SEMA5,0.0058910035112097,0.0028699602402039,-0.0030210432710058,PVN_PVH
GABAergic_Neuron,GABAergic_Neuron,SEMA6,0.0868638473261287,0.0557116140680911,-0.0311522332580376,PVN_PVH
GABAergic_Neuron,GABAergic_Neuron,THBS,0.0035925935460289,0.0026047700664934,-0.0009878234795355,PVN_PVH
GABAergic_Neuron,GABAergic_Neuron,VISFATIN,0.0,0.0054975740320015,0.0054975740320015,PVN_PVH
GABAergic_Neuron,Glutamatergic_Neuron,AGRN,0.0058162628832962,0.0040261909163096,-0.0017900719669866,PVN_PVH
GABAergic_Neuron,Glutamatergic_Neuron,CADM,0.241094546608528,0.187863241466167,-0.05323130514236099,PVN_PVH
GABAergic_Neuron,Glutamatergic_Neuron,CDH,0.141703425164819,0.0807758160265087,-0.060927609138310315,PVN_PVH
GABAergic_Neuron,Glutamatergic_Neuron,CNTN,0.0265207748451995,0.0190906727683415,-0.007430102076858,PVN_PVH
GABAergic_Neuron,Glutamatergic_Neuron,COLLAGEN,0.0035454881251764,0.0029666488882959,-0.0005788392368804999,PVN_PVH
GABAergic_Neuron,Glutamatergic_Neuron,ENHO,0.000945341142922,0.0013278263415436,0.0003824851986216001,PVN_PVH
GABAergic_Neuron,Glutamatergic_Neuron,EPHA,0.0893335925384871,0.0689425417203357,-0.0203910508181514,PVN_PVH
GABAergic_Neuron,Glutamatergic_Neuron,EPHB,0.0409383051965948,0.0366083136679787,-0.004329991528616101,PVN_PVH
GABAergic_Neuron,Glutamatergic_Neuron,FGF,0.0154221316903079,0.0127940264242037,-0.0026281052661042,PVN_PVH
GABAergic_Neuron,Glutamatergic_Neuron,GDF,0.0,0.0006152304840239,0.0006152304840239,PVN_PVH
GABAergic_Neuron,Glutamatergic_Neuron,JAM,0.0031219497292288,0.002619834658356,-0.0005021150708727998,PVN_PVH
GABAergic_Neuron,Glutamatergic_Neuron,L1CAM,0.0274148893355105,0.022546137126174,-0.0048687522093365,PVN_PVH
GABAergic_Neuron,Glutamatergic_Neuron,LAMININ,0.0041133371771176,0.0023264520207537,-0.0017868851563639,PVN_PVH
GABAergic_Neuron,Glutamatergic_Neuron,MPZ,0.0001982132608384,0.0001347934674825,-6.341979335590002e-05,PVN_PVH
GABAergic_Neuron,Glutamatergic_Neuron,NCAM,0.576222732306176,0.41934152170518,-0.15688121060099602,PVN_PVH
GABAergic_Neuron,Glutamatergic_Neuron,NECTIN,0.0197634224355129,0.0109543789976768,-0.0088090434378361,PVN_PVH
GABAergic_Neuron,Glutamatergic_Neuron,NEGR,0.247260840549674,0.185260189895188,-0.06200065065448601,PVN_PVH
GABAergic_Neuron,Glutamatergic_Neuron,NGL,0.0236364804087594,0.0168622270889962,-0.0067742533197631995,PVN_PVH
GABAergic_Neuron,Glutamatergic_Neuron,NRG,0.214156756936683,0.16621462701554,-0.04794212992114302,PVN_PVH
GABAergic_Neuron,Glutamatergic_Neuron,NRXN,0.835706074587467,0.639999922746717,-0.19570615184075002,PVN_PVH
GABAergic_Neuron,Glutamatergic_Neuron,PTN,0.0603944660833839,0.0496673790817841,-0.0107270870015998,PVN_PVH
GABAergic_Neuron,Glutamatergic_Neuron,RELN,0.0050818140994271,0.0025931048339809,-0.0024887092654461997,PVN_PVH
GABAergic_Neuron,Glutamatergic_Neuron,SEMA4,0.0084817029484434,0.0013411121189787,-0.007140590829464699,PVN_PVH
GABAergic_Neuron,Glutamatergic_Neuron,SEMA5,0.0005813804389726,0.0013269670755543,0.0007455866365817001,PVN_PVH
GABAergic_Neuron,Glutamatergic_Neuron,SEMA6,0.0216873677726392,0.0136555597634292,-0.008031808009210002,PVN_PVH
GABAergic_Neuron,Glutamatergic_Neuron,THBS,0.0048301945231114,0.0033271589471166,-0.0015030355759947998,PVN_PVH
GABAergic_Neuron,Microglia,APP,0.0,0.0108833494500734,0.0108833494500734,PVN_PVH
GABAergic_Neuron,Microglia,COLLAGEN,0.0182349423097851,0.0130957787492368,-0.005139163560548301,PVN_PVH
GABAergic_Neuron,Microglia,CSF,0.0095876132774757,0.0120800109394297,0.002492397661953999,PVN_PVH
GABAergic_Neuron,Microglia,CX3C,0.14062415809832,0.107318525148428,-0.033305632949891986,PVN_PVH
GABAergic_Neuron,Microglia,FGF,0.0102763035990625,0.0042085674057725,-0.00606773619329,PVN_PVH
GABAergic_Neuron,Microglia,GDF,0.0,0.0007520124023594,0.0007520124023594,PVN_PVH
GABAergic_Neuron,Microglia,JAM,0.0307484770546194,0.0220992685184213,-0.008649208536198098,PVN_PVH
GABAergic_Neuron,Microglia,LAMININ,0.0086751747434626,0.0055366344382715,-0.0031385403051910994,PVN_PVH
GABAergic_Neuron,Microglia,NOTCH,0.0376046707561872,0.0225456095418884,-0.015059061214298803,PVN_PVH
GABAergic_Neuron,Microglia,PTN,0.003478914562412,0.0033189159205901,-0.00015999864182190005,PVN_PVH
GABAergic_Neuron,Microglia,PTPRM,0.0521564388168263,0.0369595789248067,-0.015196859892019597,PVN_PVH
GABAergic_Neuron,Microglia,SEMA3,0.0028869922490559,0.0,-0.0028869922490559,PVN_PVH
GABAergic_Neuron,Microglia,SEMA4,0.0417621183413482,0.0329703204789112,-0.008791797862437,PVN_PVH
GABAergic_Neuron,Microglia,SEMA6,0.0647333135468633,0.0414167244688409,-0.023316589078022407,PVN_PVH
GABAergic_Neuron,Microglia,TENASCIN,0.0685342702835582,0.0457053948935893,-0.022828875389968896,PVN_PVH
GABAergic_Neuron,Microglia,THBS,0.0006006688702592,0.0004696284876225,-0.00013104038263670007,PVN_PVH
GABAergic_Neuron,Microglia,THY1,0.0472516405695455,0.0443255181710502,-0.0029261223984952955,PVN_PVH
GABAergic_Neuron,Microglia,VISFATIN,0.0083142347465558,0.0,-0.0083142347465558,PVN_PVH
Glutamatergic_Neuron,GABAergic_Neuron,AGRN,0.0051680315379416,0.0032181250395522,-0.0019499064983894,PVN_PVH
Glutamatergic_Neuron,GABAergic_Neuron,CADM,0.241094546608528,0.187863241466167,-0.05323130514236099,PVN_PVH
Glutamatergic_Neuron,GABAergic_Neuron,CDH,0.141703425164819,0.0807758160265087,-0.060927609138310315,PVN_PVH
Glutamatergic_Neuron,GABAergic_Neuron,CNTN,0.135712194846074,0.123457758540223,-0.01225443630585099,PVN_PVH
Glutamatergic_Neuron,GABAergic_Neuron,COLLAGEN,0.0022708846594515,0.0,-0.0022708846594515,PVN_PVH
Glutamatergic_Neuron,GABAergic_Neuron,EPHA,0.159212765721553,0.126051725231777,-0.033161040489776,PVN_PVH
Glutamatergic_Neuron,GABAergic_Neuron,EPHB,0.0785958777793456,0.0493653852652576,-0.029230492514087998,PVN_PVH
Glutamatergic_Neuron,GABAergic_Neuron,FGF,0.0,0.0087807208716996,0.0087807208716996,PVN_PVH
Glutamatergic_Neuron,GABAergic_Neuron,GDF,0.0011647183551504,0.000527841456727,-0.0006368768984234001,PVN_PVH
Glutamatergic_Neuron,GABAergic_Neuron,JAM,0.0031219497292288,0.002619834658356,-0.0005021150708727998,PVN_PVH
Glutamatergic_Neuron,GABAergic_Neuron,L1CAM,0.0274148893355105,0.022546137126174,-0.0048687522093365,PVN_PVH
Glutamatergic_Neuron,GABAergic_Neuron,LAMININ,0.0354275549669991,0.022720048692063,-0.012707506274936099,PVN_PVH
Glutamatergic_Neuron,GABAergic_Neuron,MPZ,0.0001982132608384,0.0001347934674825,-6.341979335590002e-05,PVN_PVH
Glutamatergic_Neuron,GABAergic_Neuron,NCAM,0.589489971128215,0.435387236694478,-0.154102734433737,PVN_PVH
Glutamatergic_Neuron,GABAergic_Neuron,NECTIN,0.0326005996275537,0.0175115886373942,-0.015089010990159496,PVN_PVH
Glutamatergic_Neuron,GABAergic_Neuron,NEGR,0.247260840549674,0.185260189895188,-0.06200065065448601,PVN_PVH
Glutamatergic_Neuron,GABAergic_Neuron,NGL,0.0649801682130764,0.0332954863814843,-0.03168468183159209,PVN_PVH
Glutamatergic_Neuron,GABAergic_Neuron,NRG,0.100896243122319,0.0621014053886231,-0.0387948377336959,PVN_PVH
Glutamatergic_Neuron,GABAergic_Neuron,NRXN,0.719595572180572,0.547087578406665,-0.17250799377390702,PVN_PVH
Glutamatergic_Neuron,GABAergic_Neuron,NT,0.0,0.0022919379677278,0.0022919379677278,PVN_PVH
Glutamatergic_Neuron,GABAergic_Neuron,OPIOID,0.0078917715952188,0.0065037617929239,-0.0013880098022948997,PVN_PVH
Glutamatergic_Neuron,GABAergic_Neuron,PACAP,0.0,0.0018374649421573,0.0018374649421573,PVN_PVH
Glutamatergic_Neuron,GABAergic_Neuron,PTN,0.0805109171706678,0.0590995514877408,-0.021411365682927,PVN_PVH
Glutamatergic_Neuron,GABAergic_Neuron,SEMA3,0.0218731982183202,0.008011534531825,-0.013861663686495199,PVN_PVH
Glutamatergic_Neuron,GABAergic_Neuron,SEMA4,0.0181615713678925,0.0154304942568333,-0.0027310771110591985,PVN_PVH
Glutamatergic_Neuron,GABAergic_Neuron,SEMA5,0.023146610404848,0.0137997176298746,-0.0093468927749734,PVN_PVH
Glutamatergic_Neuron,GABAergic_Neuron,SEMA6,0.0242535780984001,0.0530060274585212,0.0287524493601211,PVN_PVH
Glutamatergic_Neuron,GABAergic_Neuron,SOMATOSTATIN,0.0001828323222713,0.0001079755552868,-7.485676698449999e-05,PVN_PVH
Glutamatergic_Neuron,GABAergic_Neuron,TRH,0.0,0.0006516649091035,0.0006516649091035,PVN_PVH
Glutamatergic_Neuron,GABAergic_Neuron,VISFATIN,0.0107033150859075,0.0081658687615426,-0.0025374463243649,PVN_PVH
Glutamatergic_Neuron,Glutamatergic_Neuron,AGRN,0.0,0.00324753975797,0.00324753975797,PVN_PVH
Glutamatergic_Neuron,Glutamatergic_Neuron,CADM,0.213069681864825,0.166903823074524,-0.046165858790300995,PVN_PVH
Glutamatergic_Neuron,Glutamatergic_Neuron,CDH,0.09633018494894,0.0814269311932632,-0.01490325375567679,PVN_PVH
Glutamatergic_Neuron,Glutamatergic_Neuron,CNTN,0.0085346246209741,0.0174591480008429,0.0089245233798688,PVN_PVH
Glutamatergic_Neuron,Glutamatergic_Neuron,COLLAGEN,0.0039551816430778,0.0027033492180438,-0.0012518324250339998,PVN_PVH
Glutamatergic_Neuron,Glutamatergic_Neuron,ENHO,0.0,0.0009003109030741,0.0009003109030741,PVN_PVH
Glutamatergic_Neuron,Glutamatergic_Neuron,EPHA,0.0978070339048103,0.0905537277397976,-0.007253306165012699,PVN_PVH
Glutamatergic_Neuron,Glutamatergic_Neuron,EPHB,0.0915831004717555,0.060950737993445,-0.0306323624783105,PVN_PVH
Glutamatergic_Neuron,Glutamatergic_Neuron,FGF,0.0,0.0075609946369016,0.0075609946369016,PVN_PVH
Glutamatergic_Neuron,Glutamatergic_Neuron,GALANIN,0.0001960144167366,0.0001331775611203,-6.283685561630001e-05,PVN_PVH
Glutamatergic_Neuron,Glutamatergic_Neuron,GDF,0.0010686767785736,0.0004388229868253,-0.0006298537917483,PVN_PVH
Glutamatergic_Neuron,Glutamatergic_Neuron,JAM,0.0039410787729986,0.0041392470010548,0.0001981682280562001,PVN_PVH
Glutamatergic_Neuron,Glutamatergic_Neuron,L1CAM,0.032993453427307,0.0280074111867886,-0.0049860422405184,PVN_PVH
Glutamatergic_Neuron,Glutamatergic_Neuron,LAMININ,0.0299165940816725,0.0215164655480325,-0.00840012853364,PVN_PVH
Glutamatergic_Neuron,Glutamatergic_Neuron,NCAM,0.575699062668444,0.417849516494828,-0.15784954617361596,PVN_PVH
Glutamatergic_Neuron,Glutamatergic_Neuron,NECTIN,0.0396392441725545,0.0182092371702449,-0.0214300070023096,PVN_PVH
Glutamatergic_Neuron,Glutamatergic_Neuron,NEGR,0.0,0.177668205381152,0.177668205381152,PVN_PVH
Glutamatergic_Neuron,Glutamatergic_Neuron,NGL,0.0190167156974399,0.0151873157366767,-0.0038293999607632006,PVN_PVH
Glutamatergic_Neuron,Glutamatergic_Neuron,NRG,0.112372980363363,0.0877817331906674,-0.024591247172695604,PVN_PVH
Glutamatergic_Neuron,Glutamatergic_Neuron,NRXN,0.405611335055331,0.307335422586478,-0.09827591246885298,PVN_PVH
Glutamatergic_Neuron,Glutamatergic_Neuron,NT,0.0,0.0023093469127428,0.0023093469127428,PVN_PVH
Glutamatergic_Neuron,Glutamatergic_Neuron,OPIOID,0.0055444090913664,0.0039903638328838,-0.0015540452584825995,PVN_PVH
Glutamatergic_Neuron,Glutamatergic_Neuron,PACAP,0.0,0.0020256541895885,0.0020256541895885,PVN_PVH
Glutamatergic_Neuron,Glutamatergic_Neuron,PTN,0.0911267849732464,0.0667987602374763,-0.0243280247357701,PVN_PVH
Glutamatergic_Neuron,Glutamatergic_Neuron,SEMA3,0.0050454834808221,0.0050965873310578,5.110385023569981e-05,PVN_PVH
Glutamatergic_Neuron,Glutamatergic_Neuron,SEMA4,0.0017405143513313,0.0030380462756588,0.0012975319243275,PVN_PVH
Glutamatergic_Neuron,Glutamatergic_Neuron,SEMA5,0.0147434164414775,0.0120117414959911,-0.002731674945486399,PVN_PVH
Glutamatergic_Neuron,Glutamatergic_Neuron,SEMA6,0.0,0.0078113584943864,0.0078113584943864,PVN_PVH
Glutamatergic_Neuron,Glutamatergic_Neuron,SOMATOSTATIN,0.001026252262392,0.0007364586978032,-0.00028979356458879986,PVN_PVH
Glutamatergic_Neuron,Glutamatergic_Neuron,THBS,0.0004653857689985,0.000315888689398,-0.00014949707960049997,PVN_PVH
Glutamatergic_Neuron,Glutamatergic_Neuron,VISFATIN,0.0108135794472129,0.0079096285151791,-0.0029039509320338015,PVN_PVH
Glutamatergic_Neuron,Microglia,APP,0.0,0.0128788042177115,0.0128788042177115,PVN_PVH
Glutamatergic_Neuron,Microglia,COLLAGEN,0.0203358516988809,0.0119373290967926,-0.0083985226020883,PVN_PVH
Glutamatergic_Neuron,Microglia,CSF,0.0,0.0238426027906728,0.0238426027906728,PVN_PVH
Glutamatergic_Neuron,Microglia,CX3C,0.111867756770165,0.0895851035680455,-0.0222826532021195,PVN_PVH
Glutamatergic_Neuron,Microglia,GDF,0.001607694181108,0.0010797982080804,-0.0005278959730275999,PVN_PVH
Glutamatergic_Neuron,Microglia,JAM,0.038707469658125,0.0347694556913636,-0.003938013966761397,PVN_PVH
Glutamatergic_Neuron,Microglia,LAMININ,0.026111409718776,0.0170079046761183,-0.009103505042657698,PVN_PVH
Glutamatergic_Neuron,Microglia,NOTCH,0.087590959605657,0.0618675856961587,-0.025723373909498304,PVN_PVH
Glutamatergic_Neuron,Microglia,PTN,0.0225058460158619,0.0183331356733632,-0.004172710342498703,PVN_PVH
Glutamatergic_Neuron,Microglia,PTPRM,0.0,0.0273106131142438,0.0273106131142438,PVN_PVH
Glutamatergic_Neuron,Microglia,SEMA3,0.0082584985094944,0.0032219028223454,-0.005036595687148999,PVN_PVH
Glutamatergic_Neuron,Microglia,SEMA4,0.0348646527186475,0.0341913854881259,-0.0006732672305216,PVN_PVH
Glutamatergic_Neuron,Microglia,SEMA6,0.0430136101929001,0.0388095810663083,-0.0042040291265917976,PVN_PVH
Glutamatergic_Neuron,Microglia,TENASCIN,0.0577404541723403,0.0333719061833806,-0.024368547988959696,PVN_PVH
Glutamatergic_Neuron,Microglia,THBS,0.0003867802848472,0.0002612374976563,-0.0001255427871909,PVN_PVH
Glutamatergic_Neuron,Microglia,THY1,0.0206594485884931,0.0194147981433591,-0.001244650445133999,PVN_PVH
Glutamatergic_Neuron,Microglia,VISFATIN,0.0125297827097189,0.0,-0.0125297827097189,PVN_PVH
Microglia,GABAergic_Neuron,GRN,0.035935968736824,0.029759408813212,-0.0061765599236120045,PVN_PVH
Microglia,GABAergic_Neuron,JAM,0.0199182823588752,0.0132476627333321,-0.006670619625543099,PVN_PVH
Microglia,GABAergic_Neuron,PTPRM,0.0521564388168263,0.0369595789248067,-0.015196859892019597,PVN_PVH
Microglia,Glutamatergic_Neuron,CD39,0.0049211879143279,0.0,-0.0049211879143279,PVN_PVH
Microglia,Glutamatergic_Neuron,CD80,0.0,0.0004559735287337,0.0004559735287337,PVN_PVH
Microglia,Glutamatergic_Neuron,GRN,0.0285720832564349,0.0220429414776959,-0.006529141778738999,PVN_PVH
Microglia,Glutamatergic_Neuron,JAM,0.0256785853935218,0.0213035570619158,-0.004375028331605999,PVN_PVH
Microglia,Glutamatergic_Neuron,PROS,0.0,0.0013835047916441,0.0013835047916441,PVN_PVH
Microglia,Glutamatergic_Neuron,PTPRM,0.0,0.0273106131142438,0.0273106131142438,PVN_PVH
Microglia,Glutamatergic_Neuron,SEMA4,0.0078377669017807,0.0083378791928514,0.0005001122910706993,PVN_PVH
Microglia,Microglia,APP,0.0,0.0049656495495502,0.0049656495495502,PVN_PVH
Microglia,Microglia,BAFF,0.0,0.0012057214446446,0.0012057214446446,PVN_PVH
Microglia,Microglia,CCL,0.128615460566408,0.165631365731964,0.037015905165556,PVN_PVH
Microglia,Microglia,CD80,0.0,0.00153360928028,0.00153360928028,PVN_PVH
Microglia,Microglia,CSF,0.0,0.0225371483977668,0.0225371483977668,PVN_PVH
Microglia,Microglia,GALECTIN,0.0373975286840651,0.0566798197907579,0.0192822911066928,PVN_PVH
Microglia,Microglia,GRN,0.0501220371538857,0.0439526874644892,-0.006169349689396496,PVN_PVH
Microglia,Microglia,ICAM,0.0350035898770466,0.0330405447501327,-0.0019630451269138996,PVN_PVH
Microglia,Microglia,JAM,0.141025169259152,0.0952166083637199,-0.045808560895432116,PVN_PVH
Microglia,Microglia,PTPRM,0.0851064963283384,0.0656300929162193,-0.019476403412119106,PVN_PVH
Microglia,Microglia,SEMA4,0.0334336211474524,0.0348753034567561,0.0014416823093037004,PVN_PVH
Microglia,Microglia,TGFb,0.194847637921572,0.149264078006447,-0.045583559915125,PVN_PVH
Microglia,Microglia,TNF,0.0419809926105392,0.042102239890953,0.00012124728041380123,PVN_PVH
Microglia,Microglia,VCAM,0.0,0.0066858785126133,0.0066858785126133,PVN_PVH
GABAergic_Neuron,GABAergic_Neuron,AGRN,0.0083960806493466,0.0,-0.0083960806493466,DMH
GABAergic_Neuron,GABAergic_Neuron,BMP,0.0060799960060688,0.0,-0.0060799960060688,DMH
GABAergic_Neuron,GABAergic_Neuron,CDH,0.0171629744699867,0.0095228816206628,-0.0076400928493239005,DMH
GABAergic_Neuron,GABAergic_Neuron,CNTN,0.168171781838592,0.189458589434868,0.02128680759627602,DMH
GABAergic_Neuron,GABAergic_Neuron,COLLAGEN,0.0,0.0026684337867242,0.0026684337867242,DMH
GABAergic_Neuron,GABAergic_Neuron,EPHA,0.142741405072322,0.136482515856412,-0.006258889215910002,DMH
GABAergic_Neuron,GABAergic_Neuron,EPHB,0.0370455507286283,0.0043671315386784,-0.0326784191899499,DMH
GABAergic_Neuron,GABAergic_Neuron,GALANIN,0.0,0.0032785821251495,0.0032785821251495,DMH
GABAergic_Neuron,GABAergic_Neuron,GDF,0.0027318403175825,0.0028705374084588,0.0001386970908763001,DMH
GABAergic_Neuron,GABAergic_Neuron,L1CAM,0.0366356135051493,0.0,-0.0366356135051493,DMH
GABAergic_Neuron,GABAergic_Neuron,NCAM,0.763159874657125,0.0,-0.763159874657125,DMH
GABAergic_Neuron,GABAergic_Neuron,NECTIN,0.0,0.0036476563186442,0.0036476563186442,DMH
GABAergic_Neuron,GABAergic_Neuron,NGL,0.0380376779991616,0.041092182491684,0.0030545044925223974,DMH
GABAergic_Neuron,GABAergic_Neuron,NRG,0.145654764895519,0.148723797658156,0.0030690327626369807,DMH
GABAergic_Neuron,GABAergic_Neuron,NRXN,1.68869697037735,1.67344363391768,-0.015253336459670086,DMH
GABAergic_Neuron,GABAergic_Neuron,PTN,0.0,0.0068051741505398,0.0068051741505398,DMH
GABAergic_Neuron,GABAergic_Neuron,PTPRM,0.0246811120370127,0.024067787408758,-0.0006133246282547002,DMH
GABAergic_Neuron,GABAergic_Neuron,SEMA3,0.0146521590429862,0.0224809294432044,0.007828770400218201,DMH
GABAergic_Neuron,GABAergic_Neuron,SEMA4,0.0097894127360261,0.0,-0.0097894127360261,DMH
GABAergic_Neuron,GABAergic_Neuron,SEMA6,0.0361654486391086,0.0116353259622985,-0.024530122676810102,DMH
GABAergic_Neuron,Glutamatergic_Neuron,BMP,0.0052604837843632,0.0,-0.0052604837843632,DMH
GABAergic_Neuron,Glutamatergic_Neuron,CADM,0.28431730239806,0.254949528661154,-0.029367773736906022,DMH
GABAergic_Neuron,Glutamatergic_Neuron,CDH,0.124078335969477,0.109537645552491,-0.014540690416985996,DMH
GABAergic_Neuron,Glutamatergic_Neuron,CNTN,0.118459447365641,0.122225756282261,0.003766308916619998,DMH
GABAergic_Neuron,Glutamatergic_Neuron,ENHO,0.0,0.0015682563925955,0.0015682563925955,DMH
GABAergic_Neuron,Glutamatergic_Neuron,EPHA,0.0892534624798897,0.0846792187296203,-0.004574243750269408,DMH
GABAergic_Neuron,Glutamatergic_Neuron,EPHB,0.0609665379894072,0.0829908132537369,0.0220242752643297,DMH
GABAergic_Neuron,Glutamatergic_Neuron,FGF,0.0,0.0022297882425235,0.0022297882425235,DMH
GABAergic_Neuron,Glutamatergic_Neuron,JAM,0.0168812154594445,0.0142039543235856,-0.0026772611358589007,DMH
GABAergic_Neuron,Glutamatergic_Neuron,NCAM,0.145660529776581,0.0,-0.145660529776581,DMH
GABAergic_Neuron,Glutamatergic_Neuron,NECTIN,0.0,0.0015584054200159,0.0015584054200159,DMH
GABAergic_Neuron,Glutamatergic_Neuron,NEGR,0.357685949485429,0.354415160026046,-0.0032707894593829723,DMH
GABAergic_Neuron,Glutamatergic_Neuron,NGL,0.0,0.169625957130618,0.169625957130618,DMH
GABAergic_Neuron,Glutamatergic_Neuron,NRG,0.508733198183498,0.513087299536083,0.00435410135258496,DMH
GABAergic_Neuron,Glutamatergic_Neuron,NRXN,0.13451491092905,0.745268402391519,0.610753491462469,DMH
GABAergic_Neuron,Glutamatergic_Neuron,PTN,0.0424251668524807,0.0515708230833355,0.009145656230854803,DMH
GABAergic_Neuron,Glutamatergic_Neuron,SEMA3,0.0196061453884561,0.0187577321491394,-0.0008484132393166977,DMH
GABAergic_Neuron,Glutamatergic_Neuron,SEMA4,0.0162893936976758,0.0029365980795947,-0.013352795618081097,DMH
GABAergic_Neuron,Glutamatergic_Neuron,SEMA6,0.07423606951837,0.0948803171929001,0.020644247674530103,DMH
GABAergic_Neuron,Microglia,APP,0.0,0.0199378409720613,0.0199378409720613,DMH
GABAergic_Neuron,Microglia,BMP,0.0030967333069675,0.0,-0.0030967333069675,DMH
GABAergic_Neuron,Microglia,COLLAGEN,0.0,0.0174030847874945,0.0174030847874945,DMH
GABAergic_Neuron,Microglia,CSF,0.0,0.016556345383564,0.016556345383564,DMH
GABAergic_Neuron,Microglia,CX3C,0.172070367283477,0.194413902888982,0.022343535605505005,DMH
GABAergic_Neuron,Microglia,EPHA,0.0,0.0173905598711849,0.0173905598711849,DMH
GABAergic_Neuron,Microglia,GAS,0.0478474786979376,0.0544337314336963,0.006586252735758698,DMH
GABAergic_Neuron,Microglia,GDF,0.0071715647413663,0.0031061897404584,-0.0040653750009079,DMH
GABAergic_Neuron,Microglia,GRN,0.0,0.0036171831672217,0.0036171831672217,DMH
GABAergic_Neuron,Microglia,JAM,0.0867529203411382,0.0859758866661591,-0.0007770336749790968,DMH
GABAergic_Neuron,Microglia,NOTCH,0.112816873676891,0.104512591646133,-0.008304282030758003,DMH
GABAergic_Neuron,Microglia,PROS,0.0,0.0006151410144519,0.0006151410144519,DMH
GABAergic_Neuron,Microglia,PTN,0.0,0.0051572056399782,0.0051572056399782,DMH
GABAergic_Neuron,Microglia,PTPRM,0.0587474952799813,0.0562291813114158,-0.0025183139685655,DMH
GABAergic_Neuron,Microglia,SEMA3,0.0112860065589196,0.0107756587106707,-0.0005103478482488995,DMH
GABAergic_Neuron,Microglia,SEMA4,0.0638549556405256,0.0441497151653124,-0.019705240475213194,DMH
GABAergic_Neuron,Microglia,SEMA6,0.0883341862836888,0.0,-0.0883341862836888,DMH
GABAergic_Neuron,Microglia,TENASCIN,0.0869168301757713,0.0884094200129562,0.0014925898371848934,DMH
GABAergic_Neuron,Microglia,THBS,0.0,0.0012463736794096,0.0012463736794096,DMH
GABAergic_Neuron,Microglia,THY1,0.0,0.0394304638917491,0.0394304638917491,DMH
Glutamatergic_Neuron,GABAergic_Neuron,CADM,0.28431730239806,0.254949528661154,-0.029367773736906022,DMH
Glutamatergic_Neuron,GABAergic_Neuron,CDH,0.124078335969477,0.109537645552491,-0.014540690416985996,DMH
Glutamatergic_Neuron,GABAergic_Neuron,CNTN,0.0,0.0518907730620485,0.0518907730620485,DMH
Glutamatergic_Neuron,GABAergic_Neuron,EPHA,0.229670987790617,0.297398584735191,0.06772759694457398,DMH
Glutamatergic_Neuron,GABAergic_Neuron,EPHB,0.04232857827537,0.047534993377684,0.0052064151023139965,DMH
Glutamatergic_Neuron,GABAergic_Neuron,FGF,0.0014970789010503,0.0015491433597445,5.206445869420013e-05,DMH
Glutamatergic_Neuron,GABAergic_Neuron,GALANIN,0.0,0.0003243492448559,0.0003243492448559,DMH
Glutamatergic_Neuron,GABAergic_Neuron,IGF,0.0043813690340581,0.0,-0.0043813690340581,DMH
Glutamatergic_Neuron,GABAergic_Neuron,JAM,0.0168812154594445,0.0142039543235856,-0.0026772611358589007,DMH
Glutamatergic_Neuron,GABAergic_Neuron,LAMININ,0.0092700848377112,0.0096636295928781,0.0003935447551669004,DMH
Glutamatergic_Neuron,GABAergic_Neuron,NCAM,0.248815693389867,0.0,-0.248815693389867,DMH
Glutamatergic_Neuron,GABAergic_Neuron,NECTIN,0.0,0.0015584054200159,0.0015584054200159,DMH
Glutamatergic_Neuron,GABAergic_Neuron,NEGR,0.357685949485429,0.354415160026046,-0.0032707894593829723,DMH
Glutamatergic_Neuron,GABAergic_Neuron,NGL,0.0369174721030161,0.0,-0.0369174721030161,DMH
Glutamatergic_Neuron,GABAergic_Neuron,NRG,0.231806718400907,0.325297512823678,0.09349079442277103,DMH
Glutamatergic_Neuron,GABAergic_Neuron,NRXN,0.999151584548679,1.09089279491143,0.09174121036275096,DMH
Glutamatergic_Neuron,GABAergic_Neuron,OPIOID,0.053897953135759,0.0541156913480697,0.00021773821231069884,DMH
Glutamatergic_Neuron,GABAergic_Neuron,PACAP,0.0,0.0005252885272315,0.0005252885272315,DMH
Glutamatergic_Neuron,GABAergic_Neuron,PTN,0.0475936112166315,0.0815704571029914,0.03397684588635991,DMH
Glutamatergic_Neuron,GABAergic_Neuron,SEMA6,0.0,0.0275386443968577,0.0275386443968577,DMH
Glutamatergic_Neuron,GABAergic_Neuron,THBS,0.0090178228443298,0.0093564118775793,0.0003385890332494989,DMH
Glutamatergic_Neuron,Glutamatergic_Neuron,CADM,0.266146087180313,0.273041733687108,0.006895646506794972,DMH
Glutamatergic_Neuron,Glutamatergic_Neuron,CCK,0.0,0.0005530083942176,0.0005530083942176,DMH
Glutamatergic_Neuron,Glutamatergic_Neuron,CDH,0.142221769609393,0.130392324980749,-0.011829444628643992,DMH
Glutamatergic_Neuron,Glutamatergic_Neuron,EPHA,0.0916418384678373,0.165464843884075,0.07382300541623771,DMH
Glutamatergic_Neuron,Glutamatergic_Neuron,EPHB,0.0633952409856348,0.129712985866968,0.0663177448813332,DMH
Glutamatergic_Neuron,Glutamatergic_Neuron,FGF,0.0020082236898492,0.0039920879560165,0.0019838642661673006,DMH
Glutamatergic_Neuron,Glutamatergic_Neuron,IGF,0.0031815431658083,0.0,-0.0031815431658083,DMH
Glutamatergic_Neuron,Glutamatergic_Neuron,JAM,0.0182376519128942,0.0160166514318564,-0.002221000481037797,DMH
Glutamatergic_Neuron,Glutamatergic_Neuron,LAMININ,0.0076241088813347,0.0088332427973956,0.001209133916060901,DMH
Glutamatergic_Neuron,Glutamatergic_Neuron,NCAM,0.0576738915626259,0.0,-0.0576738915626259,DMH
Glutamatergic_Neuron,Glutamatergic_Neuron,NEGR,0.380457376585766,0.372634337784697,-0.007823038801068993,DMH
Glutamatergic_Neuron,Glutamatergic_Neuron,NGL,0.0,0.157248970478032,0.157248970478032,DMH
Glutamatergic_Neuron,Glutamatergic_Neuron,NRG,0.349325566345858,0.383814063191898,0.034488496846039995,DMH
Glutamatergic_Neuron,Glutamatergic_Neuron,NRXN,0.117140081923623,0.0,-0.117140081923623,DMH
Glutamatergic_Neuron,Glutamatergic_Neuron,OPIOID,0.0760073966592708,0.0539849173188437,-0.022022479340427094,DMH
Glutamatergic_Neuron,Glutamatergic_Neuron,PACAP,0.0,0.0003954215376226,0.0003954215376226,DMH
Glutamatergic_Neuron,Glutamatergic_Neuron,PTN,0.0627046703409557,0.0993463335624111,0.0366416632214554,DMH
Glutamatergic_Neuron,Glutamatergic_Neuron,SEMA4,0.0,0.0028360146860708,0.0028360146860708,DMH
Glutamatergic_Neuron,Glutamatergic_Neuron,SEMA6,0.0,0.114871427484772,0.114871427484772,DMH
Glutamatergic_Neuron,Glutamatergic_Neuron,THBS,0.0073150344030683,0.0096255188607822,0.0023104844577139004,DMH
Glutamatergic_Neuron,Microglia,APP,0.0,0.0219598520444981,0.0219598520444981,DMH
Glutamatergic_Neuron,Microglia,COLLAGEN,0.0,0.007974312711429,0.007974312711429,DMH
Glutamatergic_Neuron,Microglia,CSF,0.0,0.0175398479461456,0.0175398479461456,DMH
Glutamatergic_Neuron,Microglia,CX3C,0.168314783683527,0.192055935133126,0.023741151449598985,DMH
Glutamatergic_Neuron,Microglia,EPHA,0.0,0.0196612584834908,0.0196612584834908,DMH
Glutamatergic_Neuron,Microglia,GAS,0.017558021103125,0.0179445779249075,0.0003865568217824994,DMH
Glutamatergic_Neuron,Microglia,GDF,0.0058952302066532,0.0026530899106843,-0.0032421402959689,DMH
Glutamatergic_Neuron,Microglia,GRN,0.0,0.0034166170182585,0.0034166170182585,DMH
Glutamatergic_Neuron,Microglia,IGF,0.0070908419128461,0.0,-0.0070908419128461,DMH
Glutamatergic_Neuron,Microglia,JAM,0.0935059333155198,0.0966510869751669,0.0031451536596470986,DMH
Glutamatergic_Neuron,Microglia,LAMININ,0.0082706189895585,0.0090670297807798,0.0007964107912212994,DMH
Glutamatergic_Neuron,Microglia,NOTCH,0.0194352327745031,0.0222340837390977,0.0027988509645946007,DMH
Glutamatergic_Neuron,Microglia,OPIOID,0.0,0.0137302210606618,0.0137302210606618,DMH
Glutamatergic_Neuron,Microglia,PROS,0.0,0.0008972280963318,0.0008972280963318,DMH
Glutamatergic_Neuron,Microglia,PTN,0.0,0.00825460200517,0.00825460200517,DMH
Glutamatergic_Neuron,Microglia,PTPRM,0.035161209747243,0.0381159820008621,0.0029547722536190993,DMH
Glutamatergic_Neuron,Microglia,SEMA4,0.0358784574211887,0.0426979643543696,0.0068195069331809036,DMH
Glutamatergic_Neuron,Microglia,SEMA6,0.0548737507754312,0.0544320972883441,-0.0004416534870871,DMH
Glutamatergic_Neuron,Microglia,TENASCIN,0.0837095990685229,0.0856667689441418,0.0019571698756188916,DMH
Glutamatergic_Neuron,Microglia,TGFb,0.0227924610324801,0.019157402111423,-0.0036350589210570987,DMH
Glutamatergic_Neuron,Microglia,THBS,0.0,0.0016622715230521,0.0016622715230521,DMH
Glutamatergic_Neuron,Microglia,THY1,0.0,0.0424569029103995,0.0424569029103995,DMH
Microglia,GABAergic_Neuron,CXCL,0.0,0.0008979623390377,0.0008979623390377,DMH
Microglia,GABAergic_Neuron,GRN,0.0390161510296671,0.0413250186156828,0.0023088675860157004,DMH
Microglia,GABAergic_Neuron,JAM,0.0526974190863893,0.0511812101472452,-0.0015162089391441008,DMH
Microglia,GABAergic_Neuron,LIFR,0.0,0.0004558455909084,0.0004558455909084,DMH
Microglia,GABAergic_Neuron,OSM,0.0,0.0003829698665633,0.0003829698665633,DMH
Microglia,GABAergic_Neuron,PTPRM,0.0587474952799813,0.0562291813114158,-0.0025183139685655,DMH
Microglia,GABAergic_Neuron,SEMA4,0.0077135969610431,0.0229513021573051,0.015237705196262,DMH
Microglia,Glutamatergic_Neuron,CXCL,0.0,0.0008714908752114,0.0008714908752114,DMH
Microglia,Glutamatergic_Neuron,GRN,0.0330661565747282,0.0397031871537972,0.006637030579068996,DMH
Microglia,Glutamatergic_Neuron,JAM,0.0567655821518421,0.0569527539290316,0.00018717177718950012,DMH
Microglia,Glutamatergic_Neuron,KIT,0.0,0.0002060610178912,0.0002060610178912,DMH
Microglia,Glutamatergic_Neuron,LIFR,0.0,0.0004618337792689,0.0004618337792689,DMH
Microglia,Glutamatergic_Neuron,NGL,0.0,0.0014318404344784,0.0014318404344784,DMH
Microglia,Glutamatergic_Neuron,OSM,0.0,0.0004407735238396,0.0004407735238396,DMH
Microglia,Glutamatergic_Neuron,PTPRM,0.035161209747243,0.0381159820008621,0.0029547722536190993,DMH
Microglia,Glutamatergic_Neuron,SEMA4,0.0077042063885252,0.0082367011046047,0.0005324947160795009,DMH
Microglia,Microglia,APP,0.0,0.0115202384255424,0.0115202384255424,DMH
Microglia,Microglia,BAFF,0.0,0.0020049990441026,0.0020049990441026,DMH
Microglia,Microglia,CCL,0.151825273831062,0.341518714574547,0.18969344074348501,DMH
Microglia,Microglia,GALECTIN,0.0824183587013608,0.158711163714602,0.0762928050132412,DMH
Microglia,Microglia,GAS,0.0,0.0404521884228829,0.0404521884228829,DMH
Microglia,Microglia,GRN,0.0687221310343083,0.102756805162974,0.034034674128665704,DMH
Microglia,Microglia,ICAM,0.0318885587138435,0.0486259829480498,0.016737424234206294,DMH
Microglia,Microglia,JAM,0.163159087417337,0.191982042093926,0.02882295467658899,DMH
Microglia,Microglia,OSM,0.0,0.0022062179212474,0.0022062179212474,DMH
Microglia,Microglia,PROS,0.0,0.0126675559477325,0.0126675559477325,DMH
Microglia,Microglia,PTPRM,0.133402977826097,0.125826357595141,-0.0075766202309560104,DMH
Microglia,Microglia,SEMA4,0.0661295609019031,0.116311141664691,0.050181580762787906,DMH
Microglia,Microglia,TGFb,0.234657478186703,0.318711013238779,0.084053535052076,DMH
Microglia,Microglia,TNF,0.0246476413281949,0.066987717721033,0.0423400763928381,DMH
Microglia,Microglia,VCAM,0.0,0.0432929812661418,0.0432929812661418,DMH
